{
  "features": [
    "age",
    "gender_enc",
    "smoking",
    "alcohol",
    "sleep_hours",
    "sleep_quality",
    "activity_minutes_per_day",
    "activity_enc",
    "stress_level",
    "systolic_bp",
    "diastolic_bp",
    "heart_rate",
    "bmi",
    "cholesterol_mg_dl",
    "blood_glucose_mg_dl",
    "spo2_percent",
    "daily_calories",
    "saturated_fat_g",
    "sodium_mg",
    "fiber_g",
    "sugar_g",
    "fruits_veg_servings",
    "family_history",
    "diabetes"
  ],
  "gb_metrics": {
    "accuracy": 0.88,
    "precision": 0.8488,
    "recall": 0.869,
    "f1": 0.8588,
    "auc_roc": 0.9523
  },
  "rf_metrics": {
    "accuracy": 0.8233,
    "precision": 0.7992,
    "recall": 0.7738,
    "f1": 0.7863,
    "auc_roc": 0.9166
  },
  "lr_metrics": {
    "accuracy": 0.7833,
    "precision": 0.75,
    "recall": 0.7262,
    "f1": 0.7379,
    "auc_roc": 0.8686
  },
  "svm_metrics": {
    "accuracy": 0.805,
    "precision": 0.7689,
    "recall": 0.7659,
    "f1": 0.7674,
    "auc_roc": 0.888
  },
  "lstm_metrics": null,
  "cv_mean": 0.881,
  "cv_std": 0.0127,
  "cv_scores": [
    0.87,
    0.89,
    0.9016666666666666,
    0.8716666666666667,
    0.8716666666666667
  ],
  "feature_importances": {
    "age": 0.1838030211450716,
    "smoking": 0.10228874401901263,
    "systolic_bp": 0.09551952218309931,
    "family_history": 0.07066369485318434,
    "bmi": 0.06645454442382023,
    "stress_level": 0.05901154794062918,
    "sleep_hours": 0.05880486912282235,
    "cholesterol_mg_dl": 0.044255180688386665,
    "blood_glucose_mg_dl": 0.0408483569500771,
    "diastolic_bp": 0.039190287634125305,
    "diabetes": 0.039085671437710495,
    "activity_minutes_per_day": 0.03555218538355742,
    "saturated_fat_g": 0.027486987590328863,
    "sodium_mg": 0.021584630525307173,
    "spo2_percent": 0.019366440728372306,
    "sleep_quality": 0.017581055282956393,
    "daily_calories": 0.01741947405076968,
    "sugar_g": 0.0129796847267286,
    "alcohol": 0.010946854361115442,
    "fruits_veg_servings": 0.010829620711002469,
    "fiber_g": 0.010305284097792263,
    "heart_rate": 0.0097132215335654,
    "activity_enc": 0.004386971687268863,
    "gender_enc": 0.0019221489232958695
  },
  "top_features": [
    "age",
    "smoking",
    "systolic_bp",
    "family_history",
    "bmi",
    "stress_level",
    "sleep_hours",
    "cholesterol_mg_dl"
  ],
  "train_size": 2400,
  "test_size": 600,
  "dataset_size": 3000
}